drop database if exists `Minerva`;
create database `Minerva`;
use `Minerva`;
 
 
create table `Persona` (
  `CiPersona` INT(8) NOT NULL,
  `NombrePersona` VARCHAR(25),
  `ApellidoPersona` VARCHAR(25),
  PRIMARY KEY (`CiPersona`)
);
 
create table `Usuario` (
  `CiPersona` INT(8) NOT NULL,
  `NombrePersona` VARCHAR(25),
  `ApellidoPersona` VARCHAR(25),
  `TipoUsuario` VARCHAR(13) NOT NULL,
  `ContraseñaUsuario` VARCHAR(25) NOT NULL,
  `AprobacionUsuario` BOOLEAN NOT NULL,
  FOREIGN KEY (`CiPersona`) REFERENCES Persona(`CiPersona`),
  PRIMARY KEY (`CiPersona`)
);
 
create table `Profesor` (
  `CiPersona` INT(8) NOT NULL,
  `NombrePersona` VARCHAR(25) NOT NULL,
  `ApellidoPersona` VARCHAR(25) NOT NULL,
  `GradoProfesor` INT(3) NOT NULL,
  FOREIGN KEY (`CiPersona`) REFERENCES Persona(`CiPersona`),
  PRIMARY KEY (`CiPersona`)
);
 
create table `Curso` (
  `IdCurso` VARCHAR(4) NOT NULL,
  `NombreCurso` VARCHAR(30) NOT NULL,
  PRIMARY KEY (`IdCurso`)
);
 
create table `Orientacion` (
  `IdOrientacion` VARCHAR(4) NOT NULL,
  `NombreOrientacion` VARCHAR(30) NOT NULL,
  `IdCurso` VARCHAR(4) NOT NULL,
  FOREIGN KEY (`IdCurso`) REFERENCES Curso(`IdCurso`),
  PRIMARY KEY (`IdOrientacion`)
);
 
create table `Trayecto` (
  `Grado` INT(2) NOT NULL,
  `IdOrientacion` VARCHAR(4) NOT NULL,
  `Modulo` INT(2) NOT NULL,
  FOREIGN KEY (`IdOrientacion`) REFERENCES Orientacion(`IdOrientacion`),
  PRIMARY KEY (`Grado`, `IdOrientacion`)
);
 
create table `Salon` (
  `IdSalon` INT(2) NOT NULL,
  `ComentariosSalon` TEXT,
  `PlantaSalon` VARCHAR(15) NOT NULL,
  PRIMARY KEY (`IDSalon`)
);
 
create table `Turno` (
  `IdTurno` INT(2) NOT NULL,
  `NombreTurno` VARCHAR(30) NOT NULL,
  PRIMARY KEY (`IdTurno`)
);
 
create table `Grupo` (
  `IdGrupo` VARCHAR(4) NOT NULL,
  `Discapacitado` BOOLEAN NOT NULL,
  `Grado` INT(2) NOT NULL,
  `IdOrientacion` VARCHAR(4) NOT NULL,
  `IdSalon` INT(2) NOT NULL,
  `IdTurno` INT(2) NOT NULL,
  FOREIGN KEY (`Grado`) REFERENCES Trayecto(`Grado`),
  FOREIGN KEY (`IdOrientacion`) REFERENCES Orientacion(`IdOrientacion`),
  FOREIGN KEY (`IdSalon`) REFERENCES Salon(`IdSalon`),
  FOREIGN KEY (`IdTurno`) REFERENCES Turno(`IdTurno`),
  PRIMARY KEY (`IdGrupo`, `Grado`, `IdOrientacion`)
);
 
create table `Area` (
  `IdArea` VARCHAR(4) NOT NULL,
  `NombreArea` VARCHAR(50) NOT NULL,
  PRIMARY KEY (`IdArea`)
);
 
create table `Asignatura` (
  `IdAsignatura` VARCHAR(5) NOT NULL,
  `NombreAsignatura` VARCHAR(50) NOT NULL,
  `IdArea` VARCHAR(4) NOT NULL,
  FOREIGN KEY (`IdArea`) REFERENCES Area(`IdArea`),
  PRIMARY KEY (`IdAsignatura`, `IdArea`)
);
 
create table `Asignacion` (
  `HoraInicio` TIME NOT NULL,
  `HoraFin` TIME NOT NULL,
  `Dia` VARCHAR(10) NOT NULL,
  `IdTurno` INT(2) NOT NULL,
  INDEX(`Dia`),
  INDEX(`HoraInicio`),
  INDEX( `HoraFin`),
  FOREIGN KEY (`IdTurno`) REFERENCES Turno(`IdTurno`),
  PRIMARY KEY (`HoraInicio`, `HoraFin`, `Dia`, `IdTurno`)
);
 
create table `Genera` (
  `HoraInicio` TIME NOT NULL,
  `HoraFin` TIME NOT NULL,
  `Dia` VARCHAR(10) NOT NULL,
  `Grado` INT(2) NOT NULL,
  `IdAsignatura` VARCHAR(5) NOT NULL,
  `IdGrupo` VARCHAR(4) NOT NULL,
  `IdOrientacion` VARCHAR(4) NOT NULL,
  `CiPersona` INT(8) NOT NULL,
  FOREIGN KEY (`HoraFin`) REFERENCES Asignacion(`HoraFin`),
  FOREIGN KEY (`HoraInicio`) REFERENCES Asignacion(`HoraInicio`),
  FOREIGN KEY (`Dia`) REFERENCES Asignacion(`Dia`),
  FOREIGN KEY (`Grado`) REFERENCES Grupo(`Grado`),
  FOREIGN KEY (`IdAsignatura`) REFERENCES Asignatura(`IdAsignatura`),
  FOREIGN KEY (`IdGrupo`) REFERENCES Grupo(`IdGrupo`),
  FOREIGN KEY (`IdOrientacion`) REFERENCES Orientacion(`IdOrientacion`),
  FOREIGN KEY (`CiPersona`) REFERENCES Persona(`CiPersona`),
  PRIMARY KEY (`HoraInicio`, `HoraFin`, `Dia`, `IdAsignatura`, `Grado`, `IdGrupo`, `IdOrientacion`)
);

 
create table `Tiene_Ag` (
  `IdAsignatura` VARCHAR(5) NOT NULL,
  `IdGrupo` VARCHAR(4) NOT NULL,
  `Grado` INT(2) NOT NULL,
  `IdOrientacion` VARCHAR(4) NOT NULL,
  `CiPersona` INT(8) NOT NULL,
  `FechaToma` DATE NOT NULL,
  `GradoAreaProfesor` INT(2) NOT NULL,
  FOREIGN KEY (`IdAsignatura`) REFERENCES Asignatura(`IdAsignatura`),
  FOREIGN KEY (`IdGrupo`) REFERENCES Grupo(`IdGrupo`),
  FOREIGN KEY (`Grado`) REFERENCES Grupo(`Grado`),
  FOREIGN KEY (`IdOrientacion`) REFERENCES Orientacion(`IdOrientacion`),
  FOREIGN KEY (`CiPersona`) REFERENCES Persona(`CiPersona`),
  PRIMARY KEY (`IdAsignatura`, `IdGrupo`, `Grado`, `IdOrientacion`, `CiPersona`)
);

create table `Tiene_Ta` (
  `IdAsignatura` VARCHAR(5) NOT NULL,
  `Grado` INT(2) NOT NULL,
  `CargaHoraria` INT(2) NOT NULL,
  `IdOrientacion` VARCHAR(4) NOT NULL,
  FOREIGN KEY (`IdAsignatura`) REFERENCES Asignatura(`IdAsignatura`),
  FOREIGN KEY (`Grado`) REFERENCES Trayecto(`Grado`),
  FOREIGN KEY (`IdOrientacion`) REFERENCES Orientacion(`IdOrientacion`),
  PRIMARY KEY (`IdAsignatura`, `Grado`, `IdOrientacion`)
);

-- Views para que la profe sea feliz
create view AsignaturasTomadas AS select IdAsignatura, IdGrupo, Grado from Tiene_Ag;
create view Calendario AS select Asignatura.IdAsignatura as IdAsignatura, DATE_FORMAT(HoraInicio, '%H:%i') as HoraOrden, CONCAT(DATE_FORMAT(HoraInicio, '%H:%i'), " - ", DATE_FORMAT(HoraFin, '%H:%i')) as Hora, Dia, CONCAT(Grado, " ", IdGrupo) as Grupo, CONCAT(NombrePersona, ' ', ApellidoPersona) as NombreProfesor, Persona.CiPersona, NombreAsignatura as Materia from Genera, Asignatura, Persona where Genera.IdAsignatura=Asignatura.IdAsignatura and Genera.CiPersona=Persona.CiPersona;
create view AsignaturasOrientaciones as select IdOrientacion, Grado, Asignatura.IdAsignatura as IdAsignatura, CargaHoraria, NombreAsignatura from Tiene_Ta, Asignatura where Tiene_Ta.IdAsignatura=Asignatura.IdAsignatura;
create view Grupos AS select IdGrupo, CONCAT(Grado, IdGrupo) as Grupo from Grupo;
create view ProfesorEnsenia as select HoraOrden, Dia, Calendario.CiPersona, CONCAT(NombrePersona, ' ', ApellidoPersona) as NombreProfesor from Calendario, Persona where Calendario.CiPersona=Persona.ciPersona;
create view DatosGrupos as select Grupo.IdSalon as Salon, Orientacion.NombreOrientacion as Orientacion, Curso.NombreCurso as Curso, Grupo.Grado as Grado, Grupo.IdGrupo as IdGrupo, Turno.NombreTurno from Curso, Orientacion, Grupo, Turno where Grupo.IdTurno=Turno.IdTurno and Orientacion.IdOrientacion=Grupo.IdOrientacion and orientacion.idcurso=curso.idcurso;
create view AsignaturasGrupo as select DISTINCT NombreAsignatura, CONCAT(NombrePersona, ' ' , ApellidoPersona) as NombreProfesor, Grupo.Grado, Grupo.IdGrupo from Tiene_Ta, Asignatura, Genera, Persona, Grupo where Genera.Grado="1" and Genera.IdGrupo="BG" and Genera.IdOrientacion=Grupo.IdOrientacion;

-- Datos necesarios
INSERT INTO `Minerva`.`Persona` (`CiPersona`, `NombrePersona`, `ApellidoPersona`) VALUES
(-1, "Sin", "profesor");

INSERT INTO `Minerva`.`Profesor` (`CiPersona`, `NombrePersona`, `ApellidoPersona`, `GradoProfesor`) VALUES
(-1, "Sin", "profesor", 7);

INSERT INTO `Minerva`.`Curso` (`IdCurso`, `NombreCurso`) VALUES 
('001', 'CBT'), 
('048', 'EMP'),
('049', 'EMT');

INSERT INTO `Minerva`.`Salon` (`IdSalon`, `ComentariosSalon`, `PlantaSalon`) VALUES 
(-1, "", "");

INSERT INTO `Minerva`.`Orientacion` (`IdOrientacion`, `NombreOrientacion`, `IdCurso`) VALUES                                                                
('007', 'Administración', '048'),                                                                
('008', 'Administración', '049'),                                                                
('107', 'Asistente de dirección', '048'),                                                                
('125', 'CBT', '001'),                                                                
('237', 'Construcción', '049'),                                                                
('25A', 'Deporte y recreación', '049'),                                                                
('331', 'Electromecánica automotriz', '049'),                                                                
('335', 'Electro - Electromecánica', '049'),                                                                
('336', 'Electromecánica', '049'),                                                                
('344', 'Electrotecnia', '048'),                                                                
('397', 'Gastronomía C/S/B', '048'),                                                                
('401', 'Gastronomía Cocina', '048'),                                                                
('480', 'Informática', '049'),                                                                
('929', 'Turismo', '049');

INSERT INTO `Minerva`.`Area` (`IdArea`, `NombreArea`) VALUES                                                              
('014', 'Análisis y producción de textos'),                                                                
('015', 'Administración y gestion de obras'),                                                                
('027', 'Biología (1er. ciclo)'),                                                                
('028', 'Biología'),                                                                
('055', 'Ciencias experimentales turismo'),                                                                
('059', 'Ciencias físico-químicas (1er. C)'),                                                                
('0591', 'Física'),                                                                
('0592', 'Química'),                                                                
('060', 'Ciencias geográficas'),                                                                
('064', 'Ciencias Sociales'),                                                                
('107', 'Comunicaciones'),                                                                
('108', 'Comunicaciones'),                                                                
('141', 'Contabilidad e informática aplicada'),                                                                
('146', 'Administración y gestion empresaria'),                                                                
('147', 'Teoria y práctica administrativa'),                                                                
('148', 'Contabilidad general'),                                                                
('176', 'Derecho'),                                                                
('185', 'Derecho y leg. en la empres'),                                                                
('188', 'Dibujo tecnico 1'),                                                                
('196', 'Dibujo técnico 3'),                                                                
('221', 'Educación visual y plástica)'),                                                                
('231', 'Diseño y tecnol. de construccion BT'),                                                                
('239', 'Economia y finanzas'),                                                                
('240', 'Nociones de economía y finanzas'),                                                                
('243', 'Educación de la sexualidad'),                                                                
('244', 'Educación física'),                                                                
('262', 'Educación física - deporte'),                                                                
('269', 'Electromec.automot.y labor. (mec.aut'),                                                                
('270', 'Electromec.automot.y labor. (ele.aut'),                                                                
('272', 'Electrónica 1'),                                                                
('276', 'Electronica 2'),                                                                
('282', 'Elementos de marketing'),                                                                
('312', 'Filosofía'),                                                                
('320', 'Física'),                                                                
('330', 'Gastronomía'),                                                                
('332', 'Francés'),                                                                
('341', 'Gestion en mantenimiento industrial'),                                                                
('343', 'Geografía turística'),                                                                
('349', 'Gestion turismo sostenible'),                                                                
('364', 'Historia'),                                                                
('373', 'Idioma Español (1er. Ciclo)'),                                                                
('381', 'Informática - Diseño gráfico y web'),                                                                
('383', 'Informática (Ciclo básico)'),                                                                
('387', 'Inglés (Ciclo básico)'),                                                                
('388', 'Inglés'),                                                                
('400', 'Instalaciones electricas'),                                                                
('415', 'Instrucción cívica (Ciclo básico)'),                                                                
('438', 'Lab. de electronica y electrotecnia'),                                                                
('451', 'Laboratorio y medidas electricas'),                                                                
('459', 'Lengua y literatura'),                                                                
('475', 'Magnitudes electromecánicas'),                                                                
('492', 'Materiales'),                                                                
('518', 'Mecanografía informatizada'),                                                                
('533', 'Nutricion EMP'),                                                                
('535', 'Nutricion'),                                                                
('538', 'OP.M E INT a la informática'),                                                                
('550', 'Orientacion vocacional CBT'),                                                                
('568', 'Portugues'),                                                                
('592', 'Pract.Prof. de sala y bar'),                                                                
('602', 'Procesos constructivos'),                                                                
('6161', 'Psicología del deporte'),                                                                
('617', 'Psico-sociología del turismo'),                                                                
('624', 'Química'),                                                                
('648', 'Relaciones humanas y públicas'),                                                                
('655', 'Primeros auxilios'),                                                                
('663', 'Seguridad e higiene alimentarias'),                                                                
('710', 'Taller de C.A.D'),                                                                
('711', 'Informática C.A.D especializada'),                                                                
('786', 'Taller de mantenimiento informático'),                                                                
('801', 'Matemáticas nivel 1'),                                                                
('802', 'Matemática Nivel 2'),                                                                
('808', 'Taller de mec. mantenimiento'),                                                                
('829', 'Taller de oficina'),                                                                
('854', 'Tall. Rep. Maq. Elec. y BOB.'),                                                                
('855', 'Taller recreación y cultura lúdica'),                                                                
('857', 'Planificación act. turísticas'),                                                                
('915', 'Técnicas informáticas nivel 2'),                                                                
('925', 'Técnicas informáticas'),                                                                
('935', 'Tecnología'),                                                                
('936', 'Tecnología de mecánica 2'),                                                                
('964', 'Teoría del turismo'),                                                                
('TOC', 'T.O.C (en general)');

INSERT INTO `Minerva`.`Turno` (`IdTurno`, `NombreTurno`) VALUES
(1,'Matutino'),
(2,'Vespertino'),
(3,'Nocturno');

INSERT INTO `Minerva`.`Trayecto` (`Grado`, `IdOrientacion`, `Modulo`) VALUES                                                              
(1, '007', 0),                                                                
(1, '008', 0),                                                                
(1, '107', 0),                                                                
(1, '125', 0),                                                                
(1, '237', 0),                                                                
(1, '25A', 0),                                                                
(1, '336', 0),                                                                
(1, '344', 0),                                                                
(1, '397', 0),                                                                
(1, '401', 0),                                                                
(1, '480', 0),                                                                
(1, '929', 0),                                                                
(2, '008', 0),                                                                
(2, '125', 0),                                                                
(2, '237', 0),                                                                
(2, '25A', 0),                                                                
(2, '331', 0),                                                                
(2, '335', 0),                                                                
(2, '336', 0),                                                                
(2, '480', 0),                                                                
(2, '929', 0),                                                                
(3, '008', 0),                                                                
(3, '125', 0),                                                                
(3, '25A', 0),                                                                
(3, '331', 0),                                                                
(3, '335', 0),                                                                
(3, '336', 0),                                                                
(3, '480', 0),                                                                
(3, '929', 0);

INSERT INTO `Minerva`.`Asignacion` (`HoraInicio`, `HoraFin`, `Dia`, `IdTurno`) VALUES                                                                 ('07:00:00', '07:40:00', 'Jueves', 1),                                                                
('07:00:00', '07:40:00', 'Lunes', 1),                                                                
('07:00:00', '07:40:00', 'Martes', 1),                                                                
('07:00:00', '07:40:00', 'Miércoles', 1),                                                                
('07:00:00', '07:40:00', 'Sábado', 1),                                                                
('07:00:00', '07:40:00', 'Viernes', 1),                                                                
('07:45:00', '08:30:00', 'Jueves', 1),                                                                
('07:45:00', '08:30:00', 'Lunes', 1),                                                                
('07:45:00', '08:30:00', 'Martes', 1),                                                                
('07:45:00', '08:30:00', 'Miércoles', 1),                                                                
('07:45:00', '08:30:00', 'Sábado', 1),                                                                
('07:45:00', '08:30:00', 'Viernes', 1),                                                                
('08:35:00', '09:20:00', 'Jueves', 1),                                                                
('08:35:00', '09:20:00', 'Lunes', 1),                                                                
('08:35:00', '09:20:00', 'Martes', 1),                                                                
('08:35:00', '09:20:00', 'Miércoles', 1),                                                                
('08:35:00', '09:20:00', 'Sábado', 1),                                                                
('08:35:00', '09:20:00', 'Viernes', 1),                                                                
('09:25:00', '10:10:00', 'Jueves', 1),                                                                
('09:25:00', '10:10:00', 'Lunes', 1),                                                                
('09:25:00', '10:10:00', 'Martes', 1),                                                                
('09:25:00', '10:10:00', 'Miércoles', 1),                                                                
('09:25:00', '10:10:00', 'Sábado', 1),                                                                
('09:25:00', '10:10:00', 'Viernes', 1),                                                                
('10:20:00', '11:05:00', 'Jueves', 1),                                                                
('10:20:00', '11:05:00', 'Lunes', 1),                                                                
('10:20:00', '11:05:00', 'Martes', 1),                                                                
('10:20:00', '11:05:00', 'Miércoles', 1),                                                                
('10:20:00', '11:05:00', 'Sábado', 1),                                                                
('10:20:00', '11:05:00', 'Viernes', 1),                                                                
('11:10:00', '11:55:00', 'Jueves', 1),                                                                
('11:10:00', '11:55:00', 'Lunes', 1),                                                                
('11:10:00', '11:55:00', 'Martes', 1),                                                                
('11:10:00', '11:55:00', 'Miércoles', 1),                                                                
('11:10:00', '11:55:00', 'Sábado', 1),                                                                
('11:10:00', '11:55:00', 'Viernes', 1),                                                                
('12:00:00', '12:45:00', 'Jueves', 1),                                                                
('12:00:00', '12:45:00', 'Lunes', 1),                                                                
('12:00:00', '12:45:00', 'Martes', 1),                                                                
('12:00:00', '12:45:00', 'Miércoles', 1),                                                                
('12:00:00', '12:45:00', 'Sábado', 1),                                                                
('12:00:00', '12:45:00', 'Viernes', 1),                                                                
('13:00:00', '13:45:00', 'Jueves', 2),                                                                
('13:00:00', '13:45:00', 'Lunes', 2),                                                                
('13:00:00', '13:45:00', 'Martes', 2),                                                                
('13:00:00', '13:45:00', 'Miércoles', 2),                                                                
('13:00:00', '13:45:00', 'Sábado', 2),                                                                
('13:00:00', '13:45:00', 'Viernes', 2),                                                                
('13:50:00', '14:35:00', 'Jueves', 2),                                                                
('13:50:00', '14:35:00', 'Lunes', 2),                                                                
('13:50:00', '14:35:00', 'Martes', 2),                                                                
('13:50:00', '14:35:00', 'Miércoles', 2),                                                                
('13:50:00', '14:35:00', 'Sábado', 2),                                                                
('13:50:00', '14:35:00', 'Viernes', 2),                                                                
('14:40:00', '15:25:00', 'Jueves', 2),                                                                
('14:40:00', '15:25:00', 'Lunes', 2),                                                                
('14:40:00', '15:25:00', 'Martes', 2),                                                                
('14:40:00', '15:25:00', 'Miércoles', 2),                                                                
('14:40:00', '15:25:00', 'Sábado', 2),                                                                
('14:40:00', '15:25:00', 'Viernes', 2),                                                                
('15:30:00', '16:15:00', 'Jueves', 2),                                                                
('15:30:00', '16:15:00', 'Lunes', 2),                                                                
('15:30:00', '16:15:00', 'Martes', 2),                                                                
('15:30:00', '16:15:00', 'Miércoles', 2),                                                                
('15:30:00', '16:15:00', 'Sábado', 2),                                                                
('15:30:00', '16:15:00', 'Viernes', 2),                                                                
('16:20:00', '17:05:00', 'Jueves', 2),                                                                
('16:20:00', '17:05:00', 'Lunes', 2),                                                                
('16:20:00', '17:05:00', 'Martes', 2),                                                                
('16:20:00', '17:05:00', 'Miércoles', 2),                                                                
('16:20:00', '17:05:00', 'Sábado', 2),                                                                
('16:20:00', '17:05:00', 'Viernes', 2),                                                                
('17:10:00', '17:55:00', 'Jueves', 2),                                                                
('17:10:00', '17:55:00', 'Lunes', 2),                                                                
('17:10:00', '17:55:00', 'Martes', 2),                                                                
('17:10:00', '17:55:00', 'Miércoles', 2),                                                                
('17:10:00', '17:55:00', 'Sábado', 2),                                                                
('17:10:00', '17:55:00', 'Viernes', 2),                                                                
('18:00:00', '18:45:00', 'Jueves', 2),                                                                
('18:00:00', '18:45:00', 'Lunes', 2),                                                                
('18:00:00', '18:45:00', 'Martes', 2),                                                                
('18:00:00', '18:45:00', 'Miércoles', 2),                                                                
('18:00:00', '18:45:00', 'Sábado', 2),                                                                
('18:00:00', '18:45:00', 'Viernes', 2),                                                                
('19:15:00', '19:55:00', 'Jueves', 3),                                                                
('19:15:00', '19:55:00', 'Lunes', 3),                                                                
('19:15:00', '19:55:00', 'Martes', 3),                                                                
('19:15:00', '19:55:00', 'Miércoles', 3),                                                                
('19:15:00', '19:55:00', 'Sábado', 3),                                                                
('19:15:00', '19:55:00', 'Viernes', 3),                                                                
('20:00:00', '20:40:00', 'Jueves', 3),                                                                
('20:00:00', '20:40:00', 'Lunes', 3),                                                                
('20:00:00', '20:40:00', 'Martes', 3),                                                                
('20:00:00', '20:40:00', 'Miércoles', 3),                                                                
('20:00:00', '20:40:00', 'Sábado', 3),                                                                
('20:00:00', '20:40:00', 'Viernes', 3),                                                                
('20:45:00', '21:25:00', 'Jueves', 3),                                                                
('20:45:00', '21:25:00', 'Lunes', 3),                                                                
('20:45:00', '21:25:00', 'Martes', 3),                                                                
('20:45:00', '21:25:00', 'Miércoles', 3),                                                                
('20:45:00', '21:25:00', 'Sábado', 3),                                                                
('20:45:00', '21:25:00', 'Viernes', 3),                                                                
('21:30:00', '22:10:00', 'Jueves', 3),                                                                
('21:30:00', '22:10:00', 'Lunes', 3),                                                                
('21:30:00', '22:10:00', 'Martes', 3),                                                                
('21:30:00', '22:10:00', 'Miércoles', 3),                                                                
('21:30:00', '22:10:00', 'Sábado', 3),                                                                
('21:30:00', '22:10:00', 'Viernes', 3),                                                                
('22:15:00', '22:55:00', 'Jueves', 3),                                                                
('22:15:00', '22:55:00', 'Lunes', 3),                                                                
('22:15:00', '22:55:00', 'Martes', 3),                                                                
('22:15:00', '22:55:00', 'Miércoles', 3),                                                                
('22:15:00', '22:55:00', 'Sábado', 3),                                                                
('22:15:00', '22:55:00', 'Viernes', 3),                                                                
('23:00:00', '23:40:00', 'Jueves', 3),                                                                
('23:00:00', '23:40:00', 'Lunes', 3),                                                                
('23:00:00', '23:40:00', 'Martes', 3),                                                                
('23:00:00', '23:40:00', 'Miércoles', 3),                                                                
('23:00:00', '23:40:00', 'Sábado', 3),                                                                
('23:00:00', '23:40:00', 'Viernes', 3);

INSERT INTO `minerva`.`Asignatura` (`IdAsignatura`, `NombreAsignatura`, `IdArea`) VALUES
('-1', 'Sin asignar', '015'),
('-1', 'Sin asignar', '027'),
('-1', 'Sin asignar', '028'),
('-1', 'Sin asignar', '055'),
('-1', 'Sin asignar', '059'),
('-1', 'Sin asignar', '0591'),
('-1', 'Sin asignar', '0592'),
('-1', 'Sin asignar', '060'),
('-1', 'Sin asignar', '064'),
('-1', 'Sin asignar', '107'),
('-1', 'Sin asignar', '108'),
('-1', 'Sin asignar', '141'),
('-1', 'Sin asignar', '146'),
('-1', 'Sin asignar', '147'),
('-1', 'Sin asignar', '148'),
('-1', 'Sin asignar', '176'),
('-1', 'Sin asignar', '185'),
('-1', 'Sin asignar', '188'),
('-1', 'Sin asignar', '196'),
('-1', 'Sin asignar', '221'),
('-1', 'Sin asignar', '231'),
('-1', 'Sin asignar', '239'),
('-1', 'Sin asignar', '240'),
('-1', 'Sin asignar', '243'),
('-1', 'Sin asignar', '244'),
('-1', 'Sin asignar', '262'),
('-1', 'Sin asignar', '269'),
('-1', 'Sin asignar', '270'),
('-1', 'Sin asignar', '272'),
('-1', 'Sin asignar', '276'),
('-1', 'Sin asignar', '282'),
('-1', 'Sin asignar', '312'),
('-1', 'Sin asignar', '320'),
('-1', 'Sin asignar', '330'),
('-1', 'Sin asignar', '332'),
('-1', 'Sin asignar', '341'),
('-1', 'Sin asignar', '343'),
('-1', 'Sin asignar', '349'),
('-1', 'Sin asignar', '364'),
('-1', 'Sin asignar', '373'),
('-1', 'Sin asignar', '381'),
('-1', 'Sin asignar', '383'),
('-1', 'Sin asignar', '387'),
('-1', 'Sin asignar', '388'),
('-1', 'Sin asignar', '400'),
('-1', 'Sin asignar', '415'),
('-1', 'Sin asignar', '438'),
('-1', 'Sin asignar', '451'),
('-1', 'Sin asignar', '459'),
('-1', 'Sin asignar', '475'),
('-1', 'Sin asignar', '492'),
('-1', 'Sin asignar', '518'),
('-1', 'Sin asignar', '533'),
('-1', 'Sin asignar', '535'),
('-1', 'Sin asignar', '538'),
('-1', 'Sin asignar', '550'),
('-1', 'Sin asignar', '568'),
('-1', 'Sin asignar', '592'),
('-1', 'Sin asignar', '602'),
('-1', 'Sin asignar', '6161'),
('-1', 'Sin asignar', '617'),
('-1', 'Sin asignar', '624'),
('-1', 'Sin asignar', '648'),
('-1', 'Sin asignar', '655'),
('-1', 'Sin asignar', '663'),
('-1', 'Sin asignar', '710'),
('-1', 'Sin asignar', '711'),
('-1', 'Sin asignar', '786'),
('-1', 'Sin asignar', '801'),
('-1', 'Sin asignar', '802'),
('-1', 'Sin asignar', '808'),
('-1', 'Sin asignar', '829'),
('-1', 'Sin asignar', '854'),
('-1', 'Sin asignar', '855'),
('-1', 'Sin asignar', '857'),
('-1', 'Sin asignar', '915'),
('-1', 'Sin asignar', '925'),
('-1', 'Sin asignar', '935'),
('-1', 'Sin asignar', '936'),
('-1', 'Sin asignar', '964'),
('-1', 'Sin asignar', 'TOC'),
('0487', 'Biología', '027'),
('0593', 'Ciencias Físicas', '059'),
('0942', 'Dibujo', '221'),
('1244', 'Educación física', '244'),
('1257', 'Educación de la sexualidad', '243'),
('1725', 'Geografía', '060'),
('1875', 'Historia', '364'),
('1959', 'Idioma Español', '373'),
('1993', 'Informática', '383'),
('2003', 'Inglés', '387'),
('2616', 'Matemática', '801'),
('TOC', 'T. O. C', 'TOC'),
('6902', 'Tecnología', '935'),
('1568', 'Física', '0591'),
('1656', 'Formación ciudadana', '415'),
('2435', 'Lengua y literatura', '459'),
('3616', 'Química 3', '0592'),
('8077', 'Orientación vocacional', '550'),
('0214', 'Análisis y producción de textos', '014'),
('0660', 'Comunicaciones', '108'),
('0782', 'Contabilidad general', '148'),
('0898', 'Dactilografía informatizada', '518'),
('0900', 'Derecho', '176'),
('1990', 'Inglés', '388'),
('2615', 'Matemática', '802'),
('3100', 'Organización administrativa', '147'),
('3340', 'Prácticas administrativas', '147'),
('0495', 'Biología CTS', '028'),
('0586', 'Ciencias sociales (Historia)', '364'),
('1980', 'Informática aplicada', '538'),
('2700', 'Matemática financiera', '802'),
('3040', 'Nociones de economía y finanzas', '240'),
('3177', 'Portugués', '568'),
('3405', 'Práctica de oficina', '829'),
('1149', 'Diseño y repesentación técnica', '196'),
('1580', 'Física aplicada', '320'),
('2381', 'Lab. electrotécnia-electrónica', '272'),
('2383', 'Lab. electrónica-electrotécnia', '451'),
('5071', 'Taller electrotecnia i.e', '400'),
('5075', 'Taller de electrotenia m.e', '854'),
('1660', 'Francés', '332'),
('1860', 'Seguridad e higiene', '663'),
('2426', 'Legislación aplicada gastronomía', '176'),
('3212', 'Prac. prof. sala y bar', '592'),
('3227', 'Practica profesional gastronomía', '330'),
('3740', 'Relaciones humanas', '648'),
('0044', 'Administracion y costos', '146'),
('1178', 'Tecnología', '330'),
('3051', 'Nutrición', '533'),
('3729', 'Práctica profesional gastronomía 2', '330'),
('3646', 'Química para gastronomía', '535'),
('0458', 'Bases documentarias', '146'),
('0771', 'Contabilidad', '141'),
('1595', 'Física cts', '320'),
('2125', 'Introducción a la administración', '146'),
('2620', 'Matemática', '802'),
('0219', 'Análisis y producción de textos', '014'),
('0585', 'Ciencias sociales (Economía)', '364'),
('0773', 'Contabilidad', '141'),
('1470', 'Estadística', '802'),
('1770', 'Gestión empresarial', '146'),
('1992', 'Inglés', '388'),
('2415', 'Legislación en la empresa', '185'),
('2622', 'Matemática', '802'),
('3125', 'Organización institucional', '146'),
('3647', 'Química cts', '624'),
('0057', 'Administración y contabilidad inf.', '141'),
('0587', 'Ciencias sociales (Sociología)', '064'),
('0641', 'Comercialización', '282'),
('0668', 'A. P. T comunicaciones', '107'),
('0779', 'Contabilidad superior', '141'),
('1210', 'Economía y finanzas', '239'),
('1540', 'Filosofía', '312'),
('2641', 'Matemática A', '802'),
('2643', 'Matemática B', '802'),
('0029', 'Administración y gestión de obras 1', '015'),
('1627', 'Física', '320'),
('1761', 'Geometría', '802'),
('1997', 'Informática aplicada cad 1', '710'),
('2625', 'Matemática', '802'),
('3425', 'Procesos constructivos 1', '602'),
('3643', 'Química de los proc. constructivos 1', '624'),
('7175', 'Tec. diseño de la construcción 1', '231'),
('0028', 'Adm. y gestión de obras 2', '015'),
('1635', 'Física técnica 1', '320'),
('1764', 'Geometría', '802'),
('1998', 'Informática aplicada cad 2', '711'),
('2626', 'Matemática', '802'),
('3426', 'Procesos constructivos 2', '602'),
('3644', 'Química de proc. constructivos 2', '624'),
('7176', 'Tec. y diseño de la construcción 2', '231'),
('0504', 'Biología y anatomía humana', '028'),
('1819', 'Gestión y proyectos', '146'),
('2198', 'Informática', '538'),
('2767', 'Matemática', '802'),
('49121', 'Taller de deporte y recreación', '262'),
('2136', 'Int. a la didactiva y met. deporte', '262'),
('3384', 'Primeros auxilios', '655'),
('3695', 'Fisiología func. y del ejercicio', '028'),
('3702', 'Química', '624'),
('0507', 'Biomecánica', '320'),
('1487', 'Estadística', '802'),
('1651', 'Física', '320'),
('2768', 'Matemática', '802'),
('3605', 'Psicología del deporte', '6161'),
('1332', 'Electrónica básica', '276'),
('1348', 'Electromm automotriz 2 (m.a.)', '269'),
('1349', 'Electromm automotriz 2 (e.a.)', '270'),
('1636', 'Física técnica 2', '320'),
('3666', 'Química de materiales y proc. 2', '624'),
('3777', 'Rep. tec. asistida por computadora', '188'),
('0051', 'Administración organización taller', '146'),
('1388', 'Electrónica analógica digital', '276'),
('1637', 'Física técnica 3', '320'),
('2631', 'Matemática', '802'),
('1338', 'Electrónica 2', '276'),
('2864', 'Mediciones electronicas electrot.', '451'),
('2866', 'Mediciones electronicas electronica', '276'),
('0664', 'Comunicaciones', '276'),
('1339', 'Electrónica 3', '276'),
('3508', 'Potencia y control electrotecnia', '451'),
('3512', 'Potencia y control electrónica', '276'),
('1308', 'Electromecánica y lab. 1 elect.', '438'),
('1309', 'Electromecánica y lab. 1 mec.', '808'),
('1638', 'Física técnica 1', '320'),
('2469', 'Magnitudes electromecánicas', '475'),
('3665', 'Química de los materiales y proc. 1', '624'),
('3776', 'Representación técnica', '188'),
('1324', 'Electromecánica y lab. 2 elect.', '451'),
('1325', 'Electromecánica y lab. 2 mec.', '808'),
('3971', 'Soldadura y tratamientos térmicos', '492'),
('0195', 'Análisis y montaje sistemas electr.', '400'),
('1142', 'Dispositivos mecánicos de control', '936'),
('1303', 'Electromecánica y lab. 3 Elect.', '451'),
('1304', 'Electromecánica y lab. 3 Mec.', '808'),
('1769', 'Gestión del mantenimiento industrial', '341'),
('1320', 'Electricidad', '438'),
('1613', 'Física informática', '320'),
('2117', 'Introducción a la computación 2', '925'),
('2457', 'Lógica para computación', '925'),
('3501', 'Programación 1', '925'),
('3921', 'Sistemas Operativos 1', '925'),
('5557', 'Taller de mantenimiento 1', '786'),
('1143', 'Diseño de páginas web', '381'),
('1330', 'Electrónica', '276'),
('3502', 'Programación 2', '915'),
('3893', 'Sistemas de bases de datos 1', '915'),
('3922', 'Sistemas operativos 2', '915'),
('5558', 'Taller de mantenimiento 2', '786'),
('0213', 'Análisis y diseño de aplicaciones', '915'),
('1652', 'Formación empresarial', '146'),
('3507', 'Programación 3', '915'),
('3555', 'Proyecto', '915'),
('3894', 'Sistemas de bases de datos 2', '915'),
('3927', 'Sistemas operativos 3', '915'),
('5559', 'Taller de mantenimiento 3', '786'),
('0581', 'Ciencias de la naturaleza', '055'),
('1747', 'Geografía turística 1', '343'),
('1890', 'Historia de la cultura 1', '364'),
('3596', 'Psicología social', '617'),
('7565', 'Teoría del turismo', '964'),
('1167', 'Ecología y medio ambiente', '055'),
('1748', 'Geografía turística 2', '343'),
('1891', 'Historia de la cultura 2', '364'),
('2629', 'Matemática', '802'),
('4709', 'Taller de Rec. y cultura lúdica 1', '855'),
('7568', 'Teoría del turismo 2 G.T.S', '349'),
('0770', 'Contabilidad', '141'),
('1749', 'Geografía turística 3', '343'),
('1795', 'Gestión empresarial turística', '146'),
('1892', 'Historia de la cultura 3', '364'),
('2452', 'Legislacion turística aplicada', '185'),
('2632', 'matemática', '802'),
('3174', 'Planeam. Actividades turísticas', '857'),
('4711', 'Taller de rec. y cultura lúdica 2', '855');

INSERT INTO `Minerva`.`Tiene_Ta` (`IdAsignatura`, `Grado`, `CargaHoraria`, `IdOrientacion`) VALUES
('0487', '1', '3', '125'),
('0593', '1', '2', '125'),
('0942', '1', '2', '125'),
('1244', '1', '0', '125'),
('1257', '1', '0', '125'),
('1725', '1', '2', '125'),
('1875', '1', '3', '125'),
('1959', '1', '5', '125'),
('1993', '1', '2', '125'),
('2003', '1', '4', '125'),
('2616', '1', '5', '125'),
('TOC', '1', '3', '125'),
('6902', '1', '5', '125'),
('0487', '2', '3', '125'),
('0593', '2', '2', '125'),
('0942', '2', '2', '125'),
('1244', '2', '0', '125'),
('1257', '2', '0', '125'),
('1725', '2', '3', '125'),
('1875', '2', '2', '125'),
('1959', '2', '5', '125'),
('1993', '2', '2', '125'),
('2003', '2', '4', '125'),
('2616', '2', '5', '125'),
('TOC', '2', '3', '125'),
('6902', '2', '5', '125'),
('0487', '3', '3', '125'),
('0942', '3', '2', '125'),
('1244', '3', '0', '125'),
('1568', '3', '3', '125'),
('1656', '3', '2', '125'),
('1725', '3', '2', '125'),
('1875', '3', '3', '125'),
('2003', '3', '3', '125'),
('2435', '3', '5', '125'),
('2616', '3', '5', '125'),
('3616', '3', '3', '125'),
('TOC', '3', '3', '125'),
('6902', '3', '4', '125'),
('8077', '3', '0', '125'),
('0214', '1', '3', '007'),
('0660', '1', '3', '007'),
('0782', '1', '4', '007'),
('0898', '1', '4', '007'),
('0900', '1', '2', '007'),
('1990', '1', '4', '007'),
('2615', '1', '3', '007'),
('3100', '1', '3', '007'),
('3340', '1', '4', '007'),
('0495', '2', ' 3', '007'),
('0586', '2', '3', '007'),
('0660', '2', '3', '007'),
('0782', '2', '4', '007'),
('0900', '2', '2', '007'),
('1980', '2', '3', '007'),
('1990', '2', '3', '007'),
('2700', '2', '3', '007'),
('3040', '2', '3', '007'),
('3100', '2', '3', '007'),
('3340', '2', '2', '007'),
('0495', '1', '0', '107'),
('0586', '1', '0', '107'),
('0660', '1', '0', '107'),
('0782', '1', '0', '107'),
('0900', '1', '0', '107'),
('1980', '1', '0', '107'),
('1990', '1', '0', '107'),
('2700', '1', '0', '107'),
('3040', '1', '0', '107'),
('3177', '1', '3', '107'),
('3405', '1', '3', '107'),
('0214', '1', '3', '344'),
('1149', '1', '2', '344'),
('1580', '1', '2', '344'),
('2381', '1', '8', '344'),
('2383', '1', '8', '344'),
('2615', '1', '3', '344'),
('5071', '1', '12', '344'),
('5075', '1', '12', '344'),
('0214', '1', '3', '397'),
('1660', '1', '3', '397'),
('1860', '1', '2', '397'),
('2426', '1', '2', '397'),
('2615', '1', '3', '397'),
('3212', '1', '5', '397'),
('3227', '1', '10', '397'),
('3740', '1', '2', '397'),
('0044', '1', '3', '401'),
('0495', '1', '3', '401'),
('0586', '1', '3', '401'),
('1178', '1', '2', '401'),
('3051', '1', '2', '401'),
('3729', '1', '15', '401'),
('3646', '1', '2', '401'),
('0214', '1', '3', '008'),
('0458', '1', '3', '008'),
('0586', '1', '3', '008'),
('0771', '1', '6', '008'),
('0900', '1', '4', '008'),
('1595', '1', '3', '008'),
('1990', '1', '3', '008'),
('2125', '1', '3', '008'),
('2620', '1', '4', '008'),
('2700', '1', '4', '008'),
('0219', '2', '3', '008'),
('0585', '2', '3', '008'),
('0773', '2', '6', '008'),
('1470', '2', '4', '008'),
('1770', '2', '3', '008'),
('1992', '2', '3', '008'),
('2415', '2', '4', '008'),
('2622', '2', '4', '008'),
('3125', '2', '3', '008'),
('3647', '2', '3', '008'),
('0057', '3', '3', '008'),
('0495', '3', '3', '008'),
('0587', '3', '3', '008'),
('0641', '3', '3', '008'),
('0668', '3', '3', '008'),
('0779', '3', '3', '008'),
('1210', '3', '3', '008'),
('1540', '3', '3', '008'),
('1990', '3', '3', '008'),
('2641', '3', '5', '008'),
('2643', '3', '4', '008'),
('0029', '1', '2', '237'),
('0214', '1', '3', '237'),
('0586', '1', '3', '237'),
('1627', '1', '3', '237'),
('1761', '1', '3', '237'),
('1990', '1', '3', '237'),
('1997', '1', '4', '237'),
('2625', '1', '3', '237'),
('3425', '1', '5', '237'),
('3643', '1', '3', '237'),
('7175', '1', '4', '237'),
('0028', '2', '3', '237'),
('0219', '2', '3', '237'),
('0585', '2', '3', '237'),
('1635', '2', '3', '237'),
('1764', '2', '3', '237'),
('1992', '2', '3', '237'),
('1998', '2', '2', '237'),
('2626', '2', '3', '237'),
('3426', '2', '6', '237'),
('3644', '2', '3', '237'),
('7176', '2', '4', '237'),
('0214', '1', '3', '25A'),
('0504', '1', '4', '25A'),
('0586', '1', '3', '25A'),
('1819', '1', '2', '25A'),
('1990', '1', '3', '25A'),
('2198', '1', '2', '25A'),
('2767', '1', '4', '25A'),
('49121', '1', '16', '25A'),
('0219', '2', '3', '25A'),
('0585', '2', '3', '25A'),
('1819', '2', '2', '25A'),
('1992', '2', '3', '25A'),
('2136', '2', '2', '25A'),
('2198', '2', '2', '25A'),
('2626', '2', '4', '25A'),
('3384', '2', '2', '25A'),
('3695', '2', '2', '25A'),
('3702', '2', '3', '25A'),
('49121', '2', '12', '25A'),
('0507', '3', '2', '25A'),
('0587', '3', '3', '25A'),
('1487', '3', '2', '25A'),
('1540', '3', '3', '25A'),
('1651', '3', '3', '25A'),
('1819', '3', '2', '25A'),
('1990', '3', '3', '25A'),
('2768', '3', '4', '25A'),
('3384', '3', '2', '25A'),
('3605', '3', '2', '25A'),
('49121', '3', '12', '25A'),
('0219', '2', '3', '331'),
('0585', '2', '3', '331'),
('1332', '2', '2', '331'),
('1348', '2', '10', '331'),
('1349', '2', '10', '331'),
('1636', '2', '3', '331'),
('1764', '2', '3', '331'),
('1992', '2', '3', '331'),
('2626', '2', '3', '331'),
('3666', '2', '3', '331'),
('3777', '2', '3', '331'),
('0051', '3', '2', '331'),
('0587', '3', '3', '331'),
('1348', '3', '10', '331'),
('1349', '3', '10', '331'),
('1388', '3', '6', '331'),
('1540', '3', '3', '331'),
('1637', '3', '3', '331'),
('1990', '3', '3', '331'),
('2631', '3', '6', '331'),
('0219', '2', '0', '335'),
('0585', '2', '0', '335'),
('1338', '2', '7', '335'),
('1636', '2', '3', '335'),
('1764', '2', '3', '335'),
('1992', '2', '0', '335'),
('2626', '2', '3', '335'),
('2864', '2', '5', '335'),
('2866', '2', '5', '335'),
('3666', '2', '0', '335'),
('3777', '2', '3', '335'),
('0587', '3', '3', '335'),
('0664', '3', '4', '335'),
('1339', '3', '10', '335'),
('1540', '3', '3', '335'),
('1637', '3', '3', '335'),
('1990', '3', '3', '335'),
('2631', '3', '6', '335'),
('3508', '3', '5', '335'),
('3512', '3', '5', '335'),
('0214', '1', '3', '336'),
('0586', '1', '3', '336'),
('1308', '1', '10', '336'),
('1309', '1', '10', '336'),
('1638', '1', '3', '336'),
('1761', '1', '3', '336'),
('1990', '1', '3', '336'),
('2469', '1', '2', '336'),
('2625', '1', '3', '336'),
('3665', '1', '3', '336'),
('3776', '1', '3', '336'),
('0219', '2', '3', '336'),
('0585', '2', '3', '336'),
('1324', '2', '10', '336'),
('1325', '2', '10', '336'),
('1636', '2', '3', '336'),
('1764', '2', '3', '336'),
('1992', '2', '3', '336'),
('2469', '2', '3', '336'),
('2626', '2', '3', '336'),
('3666', '2', '3', '336'),
('3971', '2', '2', '336'),
('0195', '3', '4', '336'),
('0587', '3', '0', '336'),
('1142', '3', '3', '336'),
('1303', '3', '10', '336'),
('1304', '3', '10', '336'),
('1540', '3', '3', '336'),
('1637', '3', '3', '336'),
('1769', '3', '2', '336'),
('1990', '3', '3', '336'),
('2631', '3', '6', '336'),
('0214', '1', '3', '480'),
('0495', '1', '3', '480'),
('0586', '1', '3', '480'),
('1320', '1', '3', '480'),
('1613', '1', '3', '480'),
('1761', '1', '3', '480'),
('1990', '1', '3', '480'),
('2117', '1', '2', '480'),
('2457', '1', '2', '480'),
('2625', '1', '3', '480'),
('3501', '1', '2', '480'),
('3921', '1', '2', '480'),
('5557', '1', '4', '480'),
('0219', '2', '3', '480'),
('0585', '2', '3', '480'),
('1143', '2', '2', '480'),
('1330', '2', '3', '480'),
('1764', '2', '3', '480'),
('1992', '2', '3', '480'),
('2626', '2', '3', '480'),
('3502', '2', '3', '480'),
('3647', '2', '3', '480'),
('3893', '2', '3', '480'),
('3922', '2', '3', '480'),
('5558', '2', '4', '480'),
('0213', '3', '3', '480'),
('0587', '3', '3', '480'),
('1540', '3', '3', '480'),
('1652', '3', '3', '480'),
('1990', '3', '3', '480'),
('2631', '3', '6', '480'),
('3507', '3', '3', '480'),
('3555', '3', '2', '480'),
('3894', '3', '3', '480'),
('3927', '3', '3', '480'),
('5559', '3', '4', '480'),
('0214', '1', '3', '929'),
('0581', '1', '3', '929'),
('0586', '1', '3', '929'),
('1595', '1', '2', '929'),
('1747', '1', '5', '929'),
('1890', '1', '5', '929'),
('1990', '1', '3', '929'),
('2620', '1', '4', '929'),
('3177', '1', '3', '929'),
('3596', '1', '2', '929'),
('7565', '1', '3', '929'),
('0219', '2', '3', '929'),
('0585', '2', '3', '929'),
('1167', '2', '3', '929'),
('1748', '2', '3', '929'),
('1891', '2', '4', '929'),
('1992', '2', '3', '929'),
('2125', '2', '2', '929'),
('2629', '2', '4', '929'),
('3177', '2', '3', '929'),
('3647', '2', '2', '929'),
('4709', '2', '3', '929'),
('7568', '2', '3', '929'),
('0587', '3', '3', '929'),
('0770', '3', '3', '929'),
('1540', '3', '3', '929'),
('1749', '3', '3', '929'),
('1795', '3', '3', '929'),
('1892', '3', '5', '929'),
('1990', '3', '3', '929'),
('2452', '3', '3', '929'),
('2632', '3', '4', '929'),
('3174', '3', '3', '929'),
('4711', '3', '3', '929');